2, 18, 37, 38, 44
22, 37, 39, 42, 45
4, 24, 29, 40, 45
17, 27, 29, 40, 45
14, 18, 20, 21, 36
7, 21, 23, 26, 30
3, 25, 36, 41, 44
4, 14, 15, 22, 40
6, 26, 29, 33, 41
5, 15, 22, 23, 39
1, 3, 11, 33, 41
6, 10, 16, 29, 33
14, 20, 32, 35, 40
10, 14, 17, 22, 26
28, 34, 35, 40, 44
4, 13, 14, 21, 24
7, 11, 16, 17, 35
26, 28, 37, 38, 39
1, 20, 27, 33, 39
11, 12, 29, 34, 45
6, 7, 11, 35, 45
8, 15, 17, 32, 37
3, 7, 31, 35, 43
9, 16, 32, 38, 45
4, 8, 26, 33, 36
16, 18, 20, 25, 36
1, 3, 11, 38, 39
4, 9, 12, 22, 27
1, 3, 15, 26, 28
7, 8, 27, 42, 43
18, 22, 28, 34, 44
1, 18, 29, 41, 45
12, 19, 30, 35, 44
9, 11, 26, 36, 43
12, 22, 24, 27, 28
1, 3, 33, 38, 40
23, 24, 26, 29, 32
2, 10, 35, 42, 45
5, 18, 26, 40, 42
21, 22, 33, 41, 45
16, 26, 29, 33, 38
12, 13, 24, 34, 35
8, 23, 25, 34, 39
3, 10, 23, 29, 42
1, 14, 25, 29, 30
6, 15, 38, 44, 45
4, 14, 32, 37, 39
2, 3, 13, 18, 29
11, 25, 29, 40, 42
2, 20, 27, 35, 41
11, 27, 41, 42, 44
4, 9, 18, 27, 41
7, 9, 40, 42, 45
1, 3, 8, 10, 38
6, 11, 21, 35, 36
6, 12, 18, 19, 39
3, 6, 12, 21, 39
12, 14, 19, 28, 44
2, 16, 25, 33, 44
8, 14, 27, 37, 44
1, 4, 8, 10, 36
9, 11, 19, 35, 36
2, 15, 26, 33, 42
3, 5, 19, 31, 33
1, 12, 13, 21, 36
5, 17, 21, 32, 43
13, 21, 23, 36, 40
3, 28, 29, 30, 38
2, 18, 21, 24, 34
2, 4, 7, 14, 20
3, 6, 11, 24, 28
2, 3, 16, 23, 35
1, 6, 7, 26, 29
1, 13, 22, 25, 39
3, 16, 22, 33, 41
15, 17, 26, 30, 42
17, 20, 23, 31, 45
1, 15, 29, 30, 38
10, 15, 19, 26, 27
3, 5, 6, 7, 28
22, 24, 25, 35, 42
9, 20, 26, 30, 35
9, 15, 17, 18, 21
6, 7, 23, 39, 40
9, 25, 28, 35, 38
15, 24, 39, 43, 44
9, 17, 27, 32, 41
5, 14, 18, 24, 44
5, 10, 16, 35, 45
4, 10, 26, 32, 35
8, 17, 19, 33, 44
2, 12, 15, 29, 36
5, 15, 23, 35, 44
10, 17, 18, 34, 36
4, 34, 36, 41, 44
2, 17, 22, 29, 35
7, 8, 13, 19, 37
16, 22, 25, 31, 37
3, 4, 19, 24, 42
2, 10, 12, 15, 23
18, 23, 32, 37, 39
3, 10, 17, 38, 39
5, 37, 42, 43, 44
1, 4, 39, 40, 45
1, 8, 13, 22, 40
5, 6, 8, 20, 24
9, 24, 31, 36, 37
2, 18, 27, 29, 37
7, 9, 13, 20, 41
3, 4, 7, 27, 43
3, 7, 9, 14, 38
14, 16, 19, 42, 45
25, 32, 34, 42, 43
1, 6, 16, 32, 43
2, 9, 20, 23, 32
3, 8, 14, 18, 21
17, 25, 36, 38, 45
6, 7, 13, 24, 40
3, 6, 35, 41, 43
3, 5, 18, 26, 44
10, 17, 19, 23, 26
27, 30, 31, 41, 42
22, 23, 37, 38, 45
4, 25, 29, 32, 38
2, 10, 11, 30, 37
12, 18, 35, 41, 44
4, 5, 6, 23, 40
18, 19, 20, 21, 39
2, 17, 18, 20, 33
11, 15, 16, 20, 31
5, 15, 25, 26, 35
1, 14, 19, 29, 34
1, 9, 25, 30, 31
22, 23, 25, 27, 31
3, 4, 8, 14, 44
5, 12, 33, 34, 36
6, 17, 25, 26, 36
9, 23, 29, 30, 33
1, 27, 32, 44, 45
1, 5, 12, 32, 38
7, 22, 25, 35, 37
15, 17, 26, 30, 36
4, 10, 20, 26, 37
18, 19, 25, 35, 42
7, 8, 22, 26, 45
2, 10, 20, 28, 39
1, 4, 23, 31, 33
3, 24, 39, 40, 44
5, 20, 22, 29, 35
5, 12, 31, 35, 39
4, 19, 35, 37, 40
12, 32, 33, 37, 42
1, 10, 12, 18, 25
6, 15, 33, 42, 45
23, 25, 31, 33, 39
1, 10, 11, 31, 32
2, 5, 9, 14, 16
5, 17, 30, 33, 40
5, 17, 19, 32, 33
1, 5, 14, 26, 30
5, 12, 25, 30, 42
1, 9, 16, 17, 45
11, 35, 36, 42, 43
15, 19, 32, 33, 43
2, 18, 20, 31, 44
1, 4, 14, 19, 24
19, 20, 26, 32, 35
5, 12, 18, 24, 32
15, 25, 28, 32, 39
10, 35, 38, 41, 43
3, 5, 8, 17, 40
16, 19, 20, 21, 31
28, 29, 33, 40, 44
2, 8, 10, 20, 22
4, 7, 8, 29, 44
10, 28, 29, 31, 43
1, 8, 23, 28, 34
18, 26, 27, 32, 45
11, 18, 28, 43, 45
1, 9, 30, 32, 43
10, 36, 43, 44, 45
6, 33, 36, 41, 42
6, 14, 25, 38, 42
9, 13, 14, 17, 39
6, 20, 22, 36, 43
2, 12, 15, 36, 37
6, 24, 29, 38, 43
6, 13, 18, 30, 43
1, 5, 16, 27, 31
9, 16, 26, 30, 31
1, 2, 3, 10, 27
3, 7, 41, 44, 45
2, 21, 32, 36, 37
1, 2, 4, 18, 37
11, 13, 42, 43, 44
28, 31, 34, 37, 43
22, 39, 41, 44, 45
3, 29, 31, 33, 44
4, 5, 13, 29, 42
3, 17, 21, 40, 42
4, 8, 32, 36, 38
1, 26, 28, 29, 31
7, 21, 22, 29, 34
5, 32, 33, 41, 42
3, 4, 20, 23, 36
2, 4, 7, 27, 40
1, 13, 34, 43, 45
2, 4, 6, 35, 39
3, 4, 17, 27, 42
8, 21, 23, 40, 41
4, 18, 35, 39, 40
4, 34, 37, 40, 44
4, 8, 28, 32, 36
8, 9, 13, 35, 37
6, 19, 25, 37, 44
1, 6, 17, 24, 35
21, 23, 24, 28, 41
6, 9, 21, 33, 44
12, 19, 22, 39, 43
17, 28, 38, 41, 44
5, 12, 16, 21, 39
3, 18, 22, 31, 43
18, 23, 26, 27, 45
15, 28, 31, 36, 37
1, 5, 27, 33, 42
3, 5, 25, 42, 44
2, 3, 19, 22, 30
1, 12, 17, 36, 40
2, 6, 17, 31, 37
13, 22, 25, 37, 39
7, 8, 16, 27, 30
10, 27, 34, 37, 40
2, 7, 30, 40, 42
4, 8, 17, 37, 41
8, 13, 38, 39, 40
3, 18, 19, 39, 44
12, 18, 20, 25, 27
3, 20, 28, 33, 45
1, 8, 12, 21, 22
2, 5, 20, 37, 38
7, 32, 36, 40, 45
12, 13, 17, 20, 45
5, 22, 25, 41, 44
6, 17, 23, 30, 43
1, 21, 25, 35, 45
5, 7, 24, 28, 31
12, 15, 19, 32, 40
2, 4, 32, 35, 42
2, 4, 17, 25, 28
1, 2, 3, 9, 35
17, 31, 34, 38, 43
4, 8, 12, 20, 26
22, 23, 27, 28, 31
5, 13, 20, 30, 39
6, 16, 32, 33, 38
7, 9, 11, 18, 41
6, 10, 11, 12, 17
5, 21, 27, 33, 35
10, 13, 23, 42, 43
19, 24, 38, 40, 42
2, 5, 6, 18, 22
2, 3, 5, 13, 16
16, 18, 22, 33, 44
24, 28, 37, 41, 44
9, 18, 24, 36, 38
2, 11, 12, 20, 28
17, 20, 21, 38, 43
3, 9, 19, 28, 42
6, 7, 9, 30, 33
18, 21, 30, 31, 33
5, 9, 21, 26, 42
12, 21, 27, 32, 44
8, 11, 24, 37, 39
18, 22, 23, 39, 41
7, 9, 24, 33, 37
3, 5, 8, 28, 30
22, 25, 26, 34, 38
13, 16, 31, 37, 43
2, 16, 17, 36, 45
4, 12, 14, 22, 43
8, 10, 21, 35, 37
4, 10, 19, 24, 31
14, 19, 29, 35, 43
4, 10, 31, 39, 41
2, 3, 8, 31, 40
11, 15, 30, 44, 45
10, 13, 14, 28, 43
2, 18, 26, 41, 42
7, 11, 20, 21, 29
5, 7, 11, 28, 29
3, 5, 24, 37, 44
1, 15, 25, 36, 37
3, 9, 10, 14, 38
8, 25, 39, 40, 43
10, 13, 23, 30, 39
3, 7, 26, 34, 41
8, 14, 17, 24, 31
9, 11, 18, 20, 29
4, 8, 27, 39, 41
5, 11, 15, 33, 44
6, 9, 16, 19, 32
6, 26, 33, 34, 37
2, 16, 27, 34, 35
29, 35, 39, 41, 44
3, 4, 7, 28, 43
3, 8, 30, 39, 45
10, 16, 33, 34, 35
5, 23, 35, 36, 39
3, 6, 7, 24, 38
4, 14, 16, 24, 29
2, 5, 8, 20, 24
7, 11, 21, 30, 43
1, 2, 8, 32, 35
13, 14, 21, 32, 33
14, 16, 28, 31, 33
5, 6, 8, 23, 26
4, 26, 33, 39, 40
4, 7, 9, 13, 41
6, 10, 12, 41, 42
2, 4, 11, 32, 38
6, 14, 15, 25, 43
4, 11, 15, 26, 27
5, 6, 19, 39, 45
9, 11, 24, 39, 42
10, 21, 33, 44, 45
5, 18, 29, 36, 44
11, 17, 20, 38, 45
2, 4, 13, 40, 41
11, 24, 27, 28, 38
23, 27, 36, 40, 42
9, 29, 30, 36, 44
1, 2, 8, 27, 39
2, 38, 39, 42, 45
2, 7, 8, 34, 45
6, 10, 19, 31, 43
7, 21, 23, 32, 33
17, 19, 21, 25, 38
11, 14, 32, 39, 44
17, 25, 31, 34, 44
3, 21, 28, 29, 32
24, 30, 33, 42, 44
3, 7, 16, 17, 41
5, 15, 32, 37, 41
2, 7, 11, 17, 24
9, 12, 16, 18, 41
9, 18, 24, 31, 35
17, 20, 23, 38, 42
5, 6, 30, 32, 39
5, 10, 20, 23, 34
2, 23, 27, 38, 42
23, 27, 30, 38, 41
14, 21, 25, 35, 39
3, 22, 30, 31, 43
12, 19, 22, 28, 35
4, 7, 18, 30, 37
1, 3, 5, 14, 21
8, 11, 15, 32, 45
1, 14, 31, 34, 41
7, 21, 24, 32, 40
3, 16, 19, 21, 32
1, 6, 26, 30, 43
2, 8, 10, 23, 44
3, 4, 12, 16, 26
22, 28, 34, 36, 45
9, 12, 13, 14, 36
16, 29, 33, 35, 43
7, 11, 14, 36, 43
9, 10, 11, 27, 38
17, 23, 35, 38, 44
6, 21, 38, 41, 45
5, 8, 11, 15, 45
5, 28, 34, 38, 39
6, 22, 24, 41, 44
1, 15, 16, 26, 33
12, 13, 15, 18, 32
7, 10, 15, 36, 38
4, 24, 37, 39, 45
2, 9, 12, 22, 26
5, 11, 12, 13, 22
1, 9, 14, 22, 40
5, 19, 35, 37, 40
5, 8, 28, 29, 40
3, 16, 22, 24, 38
3, 9, 11, 18, 39
4, 20, 21, 33, 41
11, 14, 23, 34, 37
3, 13, 24, 26, 27
5, 20, 30, 36, 41
2, 21, 26, 27, 42
14, 16, 20, 32, 40
17, 18, 23, 35, 37
9, 11, 15, 17, 43
12, 19, 40, 41, 45
13, 21, 23, 34, 38
8, 11, 12, 43, 45
6, 17, 27, 30, 44
4, 5, 35, 38, 39
5, 11, 17, 28, 34
1, 17, 19, 26, 29
8, 21, 27, 30, 32
3, 20, 31, 32, 37
4, 10, 24, 36, 42
12, 26, 27, 30, 36
2, 11, 13, 17, 22
16, 19, 20, 39, 41
8, 30, 37, 40, 44
25, 26, 32, 37, 39
1, 14, 23, 26, 30
8, 12, 17, 38, 42
9, 22, 37, 39, 43
7, 20, 28, 30, 36
36, 38, 41, 42, 45
8, 22, 24, 38, 43
15, 17, 33, 37, 44
3, 23, 35, 37, 42
1, 11, 21, 39, 45
3, 10, 21, 26, 34
8, 18, 22, 23, 26
4, 13, 15, 29, 32
6, 17, 25, 41, 45
11, 23, 41, 42, 44
10, 17, 34, 35, 42
19, 22, 27, 35, 39
15, 19, 29, 31, 34
1, 2, 6, 16, 29
2, 12, 32, 37, 45
8, 23, 29, 40, 41
5, 15, 23, 24, 45
6, 13, 23, 29, 35
3, 11, 17, 36, 39
1, 17, 22, 38, 39
8, 21, 26, 35, 39
4, 21, 26, 35, 37
27, 30, 38, 40, 43
6, 12, 14, 23, 32
3, 22, 32, 33, 44
1, 3, 7, 33, 37
2, 9, 27, 32, 44
1, 11, 19, 20, 41
1, 19, 27, 32, 38
9, 12, 32, 33, 35
18, 28, 30, 36, 44
7, 37, 38, 39, 45
3, 9, 14, 33, 35
13, 14, 15, 32, 45
4, 6, 8, 12, 18
5, 17, 20, 24, 40
16, 17, 22, 30, 45
6, 8, 20, 29, 38
3, 11, 12, 19, 37
13, 18, 23, 25, 37
4, 14, 21, 26, 32
5, 12, 14, 37, 38
1, 18, 29, 34, 39
27, 31, 35, 43, 45
5, 22, 26, 32, 44
4, 11, 18, 39, 45
2, 12, 23, 27, 29
11, 12, 16, 29, 40
11, 18, 34, 41, 44
4, 5, 6, 12, 25
3, 4, 11, 13, 37
3, 6, 24, 29, 40
5, 12, 13, 43, 45
9, 16, 25, 39, 44
7, 34, 39, 40, 44
12, 17, 19, 31, 43
9, 15, 19, 26, 27
4, 19, 29, 36, 43
1, 25, 35, 36, 45
16, 22, 28, 42, 45
7, 12, 23, 25, 41
6, 10, 14, 18, 30
15, 16, 31, 33, 42
1, 10, 17, 24, 25
1, 29, 30, 32, 38
7, 14, 24, 27, 33
1, 16, 18, 19, 34
1, 11, 21, 35, 43
1, 25, 30, 39, 42
13, 21, 25, 26, 32
7, 14, 27, 38, 39
2, 6, 18, 30, 42
1, 3, 10, 20, 34
1, 8, 12, 27, 38
1, 7, 11, 25, 30
1, 2, 19, 20, 22
13, 15, 28, 38, 42
17, 35, 41, 43, 44
24, 26, 33, 41, 45
1, 17, 32, 38, 44
10, 22, 28, 31, 32
18, 27, 34, 36, 40
1, 5, 17, 19, 27
7, 18, 23, 26, 42
21, 25, 26, 34, 44
3, 7, 18, 30, 33
7, 15, 22, 31, 38
9, 11, 18, 22, 32
13, 15, 19, 24, 45
13, 22, 25, 37, 38
5, 13, 15, 18, 27
22, 27, 33, 36, 37
12, 17, 26, 43, 44
7, 8, 17, 29, 36
16, 20, 21, 25, 32
1, 2, 22, 29, 32
6, 22, 25, 37, 44
2, 9, 29, 30, 31
2, 6, 13, 21, 34
2, 3, 5, 8, 14
8, 19, 29, 30, 43
10, 13, 20, 22, 32
6, 13, 14, 42, 44
14, 33, 40, 41, 43
12, 24, 27, 28, 41
2, 15, 24, 34, 35
3, 8, 15, 28, 40
2, 10, 31, 41, 45
1, 7, 19, 25, 29
1, 19, 29, 38, 39
2, 10, 19, 34, 41
11, 15, 20, 27, 37
12, 15, 19, 41, 42
3, 12, 14, 23, 34
4, 11, 23, 26, 40
15, 19, 29, 32, 43
15, 22, 24, 41, 44
3, 4, 14, 41, 44
3, 22, 25, 27, 30
3, 15, 30, 38, 45
4, 21, 26, 38, 42
3, 10, 13, 25, 39
21, 28, 41, 42, 45
2, 28, 30, 35, 40
1, 5, 11, 22, 33
13, 16, 30, 36, 37
7, 18, 36, 39, 40
5, 20, 29, 34, 43
1, 14, 25, 26, 43
14, 18, 20, 28, 34
4, 7, 15, 18, 43
3, 8, 12, 26, 36
1, 18, 24, 39, 44
1, 2, 16, 21, 23
2, 3, 26, 27, 38
5, 20, 25, 34, 43
2, 23, 31, 34, 41
1, 5, 10, 11, 42
29, 32, 33, 42, 44
6, 19, 21, 27, 43
9, 11, 28, 31, 43
2, 9, 19, 20, 43
4, 13, 16, 27, 33
5, 7, 13, 19, 28
13, 20, 24, 29, 33
5, 9, 26, 40, 43
14, 28, 36, 38, 44
4, 11, 37, 41, 45
1, 12, 23, 38, 42
10, 17, 31, 36, 45
3, 26, 30, 35, 45
28, 31, 37, 39, 42
8, 16, 22, 30, 42
5, 14, 24, 31, 43
1, 7, 23, 30, 43
10, 22, 34, 40, 43
7, 15, 27, 30, 31
17, 22, 23, 31, 35
9, 16, 18, 26, 31
13, 18, 19, 27, 29
15, 17, 20, 32, 43
4, 8, 35, 42, 45
6, 11, 19, 27, 32
3, 20, 21, 27, 40
7, 12, 21, 40, 44
4, 7, 10, 30, 32
2, 8, 21, 25, 33
1, 4, 16, 18, 43
8, 23, 24, 26, 44
2, 22, 27, 34, 41
14, 22, 24, 37, 38
20, 26, 32, 39, 42
5, 6, 31, 37, 38
5, 18, 24, 33, 40
3, 16, 26, 28, 34
22, 25, 36, 40, 45
4, 22, 37, 38, 45
7, 15, 21, 26, 39
19, 28, 31, 36, 38
14, 21, 26, 37, 38
2, 10, 20, 21, 45
2, 6, 15, 16, 20
7, 15, 16, 17, 25
14, 15, 17, 18, 36
5, 7, 22, 29, 42
6, 30, 31, 38, 43
13, 21, 35, 37, 41
1, 7, 10, 11, 14
1, 17, 26, 28, 42
10, 18, 25, 33, 42
2, 7, 18, 31, 44
7, 8, 13, 20, 23
3, 6, 31, 39, 41
14, 20, 25, 28, 32
25, 30, 38, 39, 43
2, 4, 20, 31, 40
1, 3, 4, 5, 7
5, 8, 13, 25, 28
7, 14, 17, 23, 40
20, 22, 30, 37, 43
9, 10, 34, 43, 45
12, 21, 26, 29, 41
15, 17, 18, 38, 43
4, 15, 32, 42, 43
2, 14, 15, 33, 45
4, 6, 22, 31, 41
12, 21, 27, 30, 33
5, 7, 8, 40, 45
3, 8, 24, 30, 31
3, 6, 8, 9, 32
8, 9, 15, 23, 40
3, 9, 37, 39, 44
9, 14, 29, 33, 35
2, 20, 28, 34, 35
27, 33, 35, 36, 39
19, 31, 33, 35, 42
3, 8, 10, 13, 32
5, 9, 24, 35, 41
9, 14, 21, 24, 30
16, 36, 39, 43, 44
1, 5, 13, 17, 36
7, 20, 28, 43, 44
6, 17, 28, 43, 45
7, 8, 16, 19, 29
11, 12, 27, 38, 43
10, 22, 35, 36, 40
1, 2, 28, 29, 44
7, 12, 40, 42, 43
6, 16, 24, 30, 38
11, 20, 36, 38, 43
8, 36, 37, 38, 40
9, 13, 16, 25, 43
25, 29, 32, 34, 40
5, 6, 23, 28, 29
7, 10, 11, 33, 37
2, 26, 32, 37, 45
11, 21, 32, 33, 40
2, 3, 13, 18, 37
2, 11, 16, 18, 43
5, 8, 32, 33, 43
10, 13, 16, 21, 37
10, 16, 27, 36, 42
5, 12, 27, 29, 40
21, 30, 36, 37, 43
7, 18, 19, 24, 38
8, 11, 19, 23, 43
2, 5, 8, 37, 44
12, 14, 28, 38, 45
10, 15, 23, 24, 29
9, 16, 32, 35, 42
9, 10, 22, 24, 36
1, 2, 18, 19, 37
1, 15, 19, 23, 34
9, 20, 21, 22, 30
10, 21, 30, 32, 42
5, 6, 31, 33, 39
5, 19, 26, 28, 43
5, 6, 8, 12, 22
1, 12, 13, 20, 32
3, 7, 8, 11, 22
12, 16, 30, 33, 35
11, 14, 16, 20, 21
1, 4, 8, 10, 44
8, 12, 27, 29, 43
2, 10, 16, 23, 24
18, 19, 29, 30, 42
8, 20, 25, 40, 42
2, 9, 20, 30, 33
6, 12, 17, 32, 40
4, 31, 34, 36, 37
7, 24, 34, 36, 44
10, 26, 30, 31, 37
7, 15, 25, 38, 42
1, 17, 30, 31, 32
19, 21, 27, 36, 37
14, 22, 27, 30, 39
2, 6, 29, 41, 44
12, 31, 34, 36, 38
6, 9, 18, 43, 44
16, 24, 29, 41, 44
14, 28, 29, 38, 42
17, 21, 25, 28, 36
13, 20, 28, 30, 34
1, 4, 24, 42, 44
2, 8, 13, 26, 37
8, 22, 23, 27, 44
2, 13, 25, 28, 37
12, 18, 20, 26, 37
11, 16, 22, 26, 40
16, 21, 27, 33, 40
16, 23, 28, 31, 34
4, 22, 26, 29, 35
14, 25, 33, 43, 45
4, 11, 13, 18, 37
21, 27, 33, 36, 43
11, 18, 25, 27, 39
14, 16, 17, 24, 34
8, 16, 23, 26, 43
6, 21, 23, 31, 35
2, 4, 17, 32, 43
2, 4, 5, 28, 41
5, 8, 17, 32, 41
10, 14, 20, 31, 36
12, 38, 39, 41, 45
7, 17, 27, 35, 42
1, 5, 13, 23, 29
11, 13, 30, 33, 35
16, 21, 24, 32, 34
14, 17, 26, 34, 38
3, 9, 20, 27, 34
6, 13, 26, 27, 40
9, 12, 14, 19, 31
9, 11, 20, 42, 44
1, 10, 16, 21, 24
4, 9, 13, 32, 39
9, 14, 15, 29, 38
7, 13, 16, 28, 29
2, 17, 29, 33, 39
21, 23, 39, 41, 43
19, 29, 30, 31, 35
1, 2, 9, 14, 17
16, 19, 29, 34, 35
14, 20, 31, 32, 42
15, 20, 22, 29, 39
10, 11, 14, 20, 43
2, 11, 20, 29, 30
17, 20, 32, 43, 44
17, 19, 20, 22, 29
14, 26, 29, 30, 36
9, 15, 32, 34, 41
10, 14, 24, 25, 32
12, 17, 30, 37, 39
5, 7, 29, 35, 42
1, 5, 9, 12, 26
6, 10, 12, 16, 17
6, 11, 12, 32, 43
15, 24, 30, 31, 45
5, 21, 22, 30, 44
6, 14, 22, 24, 25
18, 26, 28, 29, 38
10, 13, 19, 22, 34
1, 9, 35, 38, 40
10, 18, 26, 28, 32
13, 21, 27, 28, 38
13, 18, 30, 34, 37
3, 6, 25, 26, 29
7, 11, 12, 15, 42
3, 10, 12, 33, 43
6, 9, 14, 23, 25
7, 9, 13, 39, 43
3, 6, 7, 23, 24
10, 17, 28, 39, 45
15, 27, 32, 35, 39
19, 32, 33, 40, 43
3, 5, 21, 25, 44
5, 27, 34, 35, 38
5, 14, 32, 34, 39
8, 16, 18, 29, 38
6, 20, 29, 42, 43
7, 15, 21, 23, 38
8, 13, 21, 29, 34
9, 18, 23, 36, 40
4, 17, 24, 37, 44
10, 12, 27, 28, 45
4, 5, 8, 11, 19
2, 7, 10, 27, 37
1, 21, 24, 28, 44
2, 15, 17, 22, 30
1, 19, 25, 36, 41
3, 17, 25, 35, 40
25, 26, 27, 38, 41
7, 10, 13, 31, 36
8, 18, 19, 28, 44
18, 19, 25, 27, 33
4, 13, 14, 16, 26
1, 21, 39, 40, 41
12, 17, 22, 41, 43
12, 20, 25, 39, 44
3, 18, 22, 31, 37
5, 8, 22, 35, 43
4, 19, 22, 33, 40
19, 20, 22, 26, 34
9, 31, 35, 38, 42
2, 6, 18, 31, 34
14, 34, 40, 41, 44
5, 14, 20, 28, 29
6, 29, 33, 38, 41
3, 5, 17, 28, 35
9, 11, 18, 28, 33
5, 10, 11, 27, 44
2, 18, 23, 24, 39
3, 5, 18, 21, 30
1, 3, 9, 19, 38
7, 13, 19, 35, 36
18, 19, 35, 36, 38
1, 19, 22, 30, 39
14, 17, 25, 27, 35
21, 22, 24, 25, 29
4, 6, 11, 17, 22
3, 10, 11, 17, 23
14, 17, 22, 35, 45
6, 11, 19, 34, 35
7, 18, 22, 26, 31
11, 21, 22, 23, 44
4, 18, 28, 31, 44
5, 17, 21, 22, 44
11, 15, 18, 23, 41
5, 16, 27, 32, 41
2, 4, 24, 25, 27
7, 9, 26, 31, 38
5, 14, 18, 34, 40
3, 11, 16, 31, 41
1, 4, 5, 26, 31
3, 11, 15, 26, 45
22, 26, 33, 39, 44
3, 9, 34, 36, 38
15, 20, 26, 37, 39
4, 6, 30, 31, 45
13, 19, 36, 43, 44
22, 23, 40, 42, 44
4, 6, 10, 18, 35
4, 5, 16, 24, 31
4, 25, 31, 37, 40
2, 13, 14, 23, 45
14, 25, 31, 37, 40
2, 4, 11, 20, 30
15, 18, 23, 33, 42
11, 16, 17, 18, 39
1, 17, 37, 40, 44
5, 9, 20, 25, 35
1, 3, 24, 40, 42
11, 21, 30, 32, 38
2, 15, 31, 40, 42
5, 29, 32, 35, 42
4, 15, 17, 24, 38
10, 12, 17, 31, 43
12, 15, 32, 35, 39
10, 17, 18, 25, 26
13, 19, 25, 29, 36
8, 19, 24, 26, 43
1, 7, 14, 23, 31
4, 5, 24, 30, 36
15, 17, 22, 24, 34
24, 26, 29, 33, 35
1, 3, 7, 17, 21
3, 14, 30, 33, 40
2, 3, 18, 30, 32
23, 36, 42, 44, 45
4, 9, 23, 31, 35
5, 7, 26, 32, 43
4, 6, 20, 22, 27
18, 27, 30, 39, 42
12, 14, 20, 26, 38
5, 15, 16, 22, 27
8, 13, 22, 39, 40
1, 2, 31, 36, 42
4, 6, 8, 26, 38
5, 25, 27, 34, 44
8, 12, 13, 14, 36
1, 11, 13, 23, 38
6, 7, 13, 22, 41
2, 10, 33, 35, 36
20, 25, 38, 42, 44
3, 9, 10, 12, 29
14, 16, 35, 38, 40
9, 17, 20, 24, 32
8, 12, 14, 16, 40
2, 17, 27, 30, 44
9, 17, 21, 22, 44
10, 11, 16, 24, 43
1, 4, 11, 25, 36
1, 3, 10, 14, 15
4, 9, 16, 34, 43
4, 6, 13, 24, 25
3, 5, 16, 19, 23
13, 28, 35, 38, 45
9, 14, 21, 24, 45
2, 16, 19, 27, 40
12, 21, 24, 39, 41
8, 10, 26, 28, 43
14, 20, 25, 28, 41
2, 9, 15, 17, 34
2, 16, 26, 34, 45
5, 14, 16, 23, 34
6, 9, 12, 36, 44
1, 20, 35, 36, 43
3, 16, 20, 33, 44
11, 13, 18, 20, 22
8, 16, 24, 39, 42
3, 9, 22, 36, 43
2, 13, 15, 33, 39
9, 18, 28, 32, 33
1, 7, 19, 21, 31
8, 15, 17, 30, 34
11, 17, 22, 30, 45
7, 10, 18, 20, 42
2, 3, 26, 28, 30
1, 4, 10, 20, 37
19, 32, 34, 38, 43
12, 24, 29, 35, 45
6, 25, 29, 39, 40
5, 8, 10, 17, 32
11, 19, 29, 37, 39
7, 10, 11, 21, 27
10, 14, 23, 34, 45
2, 6, 34, 36, 40
5, 12, 30, 34, 45
11, 16, 30, 35, 39
2, 20, 22, 25, 44
4, 5, 20, 25, 34
5, 22, 24, 27, 33
14, 20, 24, 30, 35
6, 24, 31, 38, 39
22, 25, 28, 31, 44
4, 13, 14, 41, 43
1, 2, 26, 36, 38
2, 4, 15, 31, 41
3, 4, 6, 33, 35
17, 19, 20, 25, 45
13, 24, 33, 39, 40
7, 13, 16, 22, 34
7, 11, 26, 37, 43
11, 12, 28, 41, 44
17, 29, 30, 32, 43
2, 21, 24, 29, 35
9, 14, 17, 32, 39
3, 11, 18, 23, 44
2, 8, 25, 30, 42
6, 11, 22, 38, 43
12, 19, 23, 24, 43
8, 12, 13, 25, 27
1, 10, 23, 30, 43
4, 8, 25, 29, 45
14, 21, 28, 37, 43
23, 28, 35, 39, 44
3, 4, 25, 32, 45
18, 20, 27, 34, 44
15, 25, 32, 38, 43
4, 17, 18, 33, 41
15, 18, 20, 21, 24
2, 7, 18, 24, 35
5, 13, 24, 30, 41
18, 34, 35, 40, 44
8, 17, 21, 24, 27
4, 5, 28, 30, 42
15, 20, 39, 41, 44
13, 24, 33, 38, 41
1, 12, 19, 20, 39
7, 10, 29, 36, 42
12, 23, 32, 36, 43
3, 10, 15, 17, 22
6, 18, 23, 26, 28
2, 14, 30, 43, 45
11, 21, 23, 35, 37
4, 12, 14, 31, 45
8, 19, 24, 39, 42
24, 29, 36, 38, 42
32, 34, 41, 42, 45
2, 4, 5, 13, 37
2, 19, 27, 35, 38
9, 21, 26, 32, 37
1, 30, 38, 41, 43
12, 17, 23, 28, 33
11, 20, 25, 33, 40
7, 18, 20, 36, 43
24, 27, 30, 39, 43
6, 7, 15, 27, 33
3, 4, 12, 25, 44
1, 12, 14, 28, 34
16, 19, 20, 35, 40
12, 26, 28, 39, 40
17, 26, 29, 39, 44
3, 8, 9, 31, 42
1, 4, 5, 20, 40
2, 11, 18, 28, 37
1, 16, 27, 36, 39
10, 11, 19, 26, 27
3, 25, 32, 38, 45
9, 16, 38, 40, 45
2, 4, 28, 36, 39
2, 5, 13, 14, 18
2, 5, 6, 15, 39
11, 21, 31, 32, 38
12, 13, 15, 17, 25
1, 14, 29, 35, 45
9, 25, 41, 43, 44
6, 8, 10, 17, 44
11, 26, 38, 40, 41
3, 5, 15, 29, 31
7, 24, 27, 41, 45
4, 11, 20, 38, 41
16, 17, 33, 34, 45
15, 17, 36, 42, 45
13, 14, 16, 39, 45
15, 27, 29, 39, 40
15, 20, 24, 32, 41
9, 18, 27, 31, 44
9, 19, 29, 32, 37
19, 22, 36, 38, 39
13, 17, 24, 35, 44
3, 17, 21, 40, 45
11, 27, 29, 38, 42
15, 23, 28, 35, 45
18, 34, 38, 41, 42
2, 24, 29, 35, 37
6, 15, 20, 22, 37
7, 26, 28, 35, 39
9, 24, 35, 42, 43
7, 15, 26, 37, 39
13, 17, 19, 21, 24
6, 26, 38, 39, 40
2, 22, 27, 42, 43
6, 19, 29, 31, 34
18, 27, 32, 38, 44
5, 11, 13, 36, 37
4, 23, 26, 28, 42
1, 9, 21, 27, 45
7, 8, 20, 41, 43
15, 20, 23, 30, 39
15, 22, 24, 27, 44
2, 8, 9, 33, 45
4, 12, 34, 37, 41
7, 10, 12, 17, 37
12, 19, 31, 34, 45
5, 8, 11, 27, 44
6, 11, 13, 18, 26
29, 30, 38, 40, 42
4, 6, 7, 31, 42
10, 25, 36, 41, 44
2, 10, 33, 34, 39
15, 22, 30, 37, 38
3, 31, 33, 40, 41
9, 28, 30, 34, 42
15, 18, 30, 32, 37
9, 19, 28, 41, 44
6, 8, 14, 25, 30
6, 11, 12, 18, 30
6, 31, 36, 41, 45
12, 14, 22, 28, 43
1, 6, 17, 35, 39
10, 26, 27, 39, 45
3, 5, 7, 21, 38
2, 4, 6, 14, 38
1, 6, 9, 13, 29
17, 19, 23, 29, 32
2, 9, 11, 12, 25
9, 17, 25, 26, 32
11, 15, 33, 41, 42
2, 5, 7, 10, 42
7, 16, 24, 31, 37
2, 17, 29, 36, 43
1, 5, 24, 33, 35
15, 20, 32, 33, 45
2, 25, 29, 30, 38
6, 13, 15, 40, 45
2, 5, 9, 33, 45
1, 29, 30, 42, 44
15, 16, 23, 30, 38
17, 28, 34, 35, 37
7, 17, 36, 41, 43
2, 3, 6, 20, 30
29, 32, 33, 43, 45
6, 26, 29, 34, 45
1, 2, 6, 35, 36
7, 15, 16, 27, 32
4, 7, 32, 35, 40
1, 10, 21, 27, 44
3, 20, 24, 25, 39
2, 6, 25, 28, 33
17, 29, 34, 42, 44
4, 8, 12, 26, 29
17, 18, 19, 20, 31
5, 7, 8, 16, 40
5, 11, 20, 25, 42
1, 9, 14, 27, 29
3, 15, 32, 39, 41
4, 21, 23, 43, 44
11, 19, 32, 33, 39
3, 29, 37, 39, 42
18, 19, 20, 22, 27
16, 18, 22, 24, 34
2, 15, 26, 35, 44
5, 6, 15, 42, 45
25, 27, 30, 37, 44
11, 24, 31, 33, 45
8, 23, 24, 29, 32
2, 11, 20, 34, 38
2, 13, 31, 35, 38
11, 13, 38, 43, 45
7, 9, 18, 27, 45
18, 22, 30, 33, 45
2, 30, 35, 44, 45
4, 15, 32, 41, 44
4, 6, 11, 18, 23
6, 13, 16, 18, 38
2, 13, 15, 27, 39
4, 15, 34, 39, 43
4, 8, 9, 28, 36
3, 9, 20, 31, 32
6, 15, 25, 41, 43
3, 16, 33, 40, 45
3, 21, 24, 28, 45
7, 9, 26, 39, 45
8, 23, 29, 42, 44
2, 20, 23, 24, 37
3, 31, 41, 42, 44
2, 3, 24, 33, 35
3, 15, 22, 40, 43
8, 9, 11, 41, 45
1, 3, 5, 31, 41
6, 7, 15, 17, 33
9, 10, 23, 27, 40
8, 19, 26, 30, 40
17, 19, 31, 37, 44
3, 12, 13, 25, 44
6, 26, 27, 30, 45
5, 9, 25, 32, 41
5, 22, 29, 35, 38
6, 10, 32, 38, 41
15, 21, 25, 26, 38
6, 13, 14, 24, 38
3, 6, 19, 24, 40
10, 24, 25, 27, 30
3, 16, 33, 37, 39
26, 33, 35, 43, 44
22, 23, 25, 36, 44
4, 14, 15, 23, 24
3, 15, 38, 39, 42
9, 22, 28, 41, 43
12, 13, 16, 36, 37
6, 9, 16, 33, 36
1, 6, 32, 36, 44
11, 23, 35, 36, 38
4, 7, 12, 21, 32
19, 32, 35, 36, 41
5, 13, 16, 23, 28
1, 2, 8, 38, 39
2, 24, 28, 40, 43
11, 25, 29, 31, 38
20, 29, 34, 42, 45
21, 23, 25, 34, 37
17, 26, 32, 34, 36
10, 28, 33, 39, 44
6, 21, 24, 26, 38
8, 22, 25, 34, 43
7, 9, 10, 15, 45
5, 6, 9, 14, 23
6, 11, 20, 23, 45
5, 13, 18, 21, 45
27, 30, 31, 32, 45
1, 15, 22, 37, 43
1, 11, 18, 34, 44
5, 12, 24, 27, 41
27, 34, 41, 44, 45
12, 20, 30, 31, 44
8, 14, 30, 35, 36
1, 12, 25, 28, 38
8, 16, 30, 32, 38
3, 7, 11, 21, 41
3, 26, 27, 38, 41
4, 13, 23, 28, 39
17, 26, 27, 36, 42
10, 17, 22, 26, 44
1, 4, 19, 32, 33
3, 16, 18, 25, 29
9, 22, 25, 30, 43
6, 14, 15, 37, 41
3, 14, 18, 31, 32
16, 18, 24, 32, 39
11, 16, 27, 31, 36
23, 30, 39, 44, 45
12, 16, 22, 36, 42
15, 27, 37, 39, 43
18, 19, 21, 30, 38
8, 9, 10, 11, 26
13, 16, 37, 40, 45
8, 12, 21, 29, 45
6, 8, 39, 41, 45
9, 24, 31, 37, 44
1, 5, 19, 36, 45
11, 12, 14, 21, 31
5, 21, 25, 32, 34
1, 2, 20, 31, 36
2, 7, 11, 25, 37
6, 18, 22, 38, 44
1, 14, 23, 27, 42
2, 7, 19, 24, 38
10, 13, 27, 29, 42
13, 20, 25, 27, 40
6, 7, 12, 42, 44
24, 26, 30, 42, 44
5, 8, 14, 19, 31
2, 12, 23, 43, 44
13, 15, 24, 25, 45
5, 24, 36, 43, 44
1, 5, 9, 38, 43
16, 18, 24, 27, 29
5, 28, 35, 39, 45
11, 14, 16, 25, 41
1, 14, 16, 18, 21
5, 7, 12, 28, 40
15, 33, 35, 36, 37
6, 8, 16, 19, 22
2, 7, 13, 34, 36
4, 8, 27, 30, 39
11, 14, 21, 26, 36
17, 20, 37, 42, 45
4, 12, 17, 21, 35
1, 15, 22, 30, 36
9, 15, 28, 32, 38
2, 7, 11, 35, 45
4, 12, 14, 33, 43
9, 18, 20, 30, 44
2, 3, 8, 25, 45
2, 11, 16, 32, 39
1, 15, 21, 24, 25
4, 7, 16, 35, 40
2, 5, 29, 33, 34
1, 18, 36, 38, 39
8, 12, 23, 42, 43
10, 22, 26, 28, 37
5, 6, 7, 12, 35
1, 14, 18, 21, 34
1, 3, 11, 14, 17
5, 6, 8, 43, 44
19, 22, 25, 33, 38
17, 20, 23, 34, 44
9, 12, 29, 32, 42
1, 8, 18, 38, 42
11, 22, 39, 40, 42
4, 19, 24, 33, 34
6, 16, 21, 30, 40
9, 15, 18, 27, 35
1, 4, 16, 25, 36
18, 20, 23, 24, 45
1, 7, 14, 20, 36
9, 11, 16, 43, 45
17, 21, 22, 34, 38
12, 14, 22, 25, 44
11, 29, 30, 36, 40
8, 21, 23, 25, 38
4, 8, 11, 20, 33
18, 35, 37, 43, 44
11, 13, 16, 20, 28
4, 30, 33, 39, 43
4, 11, 13, 28, 39
8, 12, 13, 14, 36
13, 14, 19, 40, 41
11, 13, 18, 23, 29
8, 10, 19, 23, 32
1, 13, 14, 25, 26
3, 32, 34, 40, 43
15, 20, 30, 35, 40
3, 18, 19, 34, 39
5, 7, 15, 29, 41
9, 11, 12, 25, 34
6, 19, 23, 33, 43
9, 14, 24, 26, 45
17, 24, 28, 34, 40
1, 4, 9, 18, 40
1, 14, 30, 31, 42
3, 9, 17, 22, 31
4, 9, 19, 30, 42
8, 12, 25, 30, 39
8, 11, 26, 31, 38
8, 9, 28, 34, 40
22, 23, 28, 37, 44
3, 5, 20, 22, 27
5, 6, 27, 32, 35
4, 7, 40, 41, 44
4, 7, 8, 14, 20
10, 16, 28, 31, 37
2, 12, 13, 20, 37
1, 5, 9, 30, 31
11, 12, 26, 33, 35
9, 11, 21, 23, 37
8, 10, 35, 39, 42
3, 13, 17, 20, 39
12, 19, 30, 33, 40
7, 22, 31, 33, 42
2, 6, 14, 32, 40
4, 6, 13, 17, 31
2, 13, 29, 36, 43
12, 17, 22, 26, 30
12, 18, 22, 30, 35
30, 31, 37, 38, 43
27, 29, 31, 37, 40
3, 6, 9, 40, 41
28, 33, 36, 40, 45
5, 15, 16, 23, 31
13, 20, 24, 25, 33
2, 7, 36, 37, 40
2, 14, 19, 20, 44
6, 16, 21, 29, 33
16, 27, 32, 37, 38
4, 6, 18, 22, 24
4, 15, 17, 21, 38
25, 36, 37, 39, 44
4, 5, 15, 21, 30
20, 21, 41, 43, 45
5, 13, 25, 40, 43
4, 6, 11, 13, 41
2, 15, 20, 23, 43
12, 26, 29, 30, 32
10, 14, 22, 29, 33
4, 10, 12, 28, 45
2, 22, 25, 34, 44
3, 12, 21, 31, 44
4, 9, 13, 24, 43
3, 6, 20, 23, 42
2, 9, 14, 28, 31
3, 26, 33, 41, 45
8, 17, 32, 38, 40
21, 26, 36, 37, 38
7, 8, 25, 26, 32
6, 7, 8, 23, 34
6, 17, 26, 34, 42
3, 19, 22, 25, 41
16, 20, 29, 32, 44
2, 4, 15, 38, 41
1, 14, 15, 22, 43
16, 25, 30, 34, 37
12, 13, 19, 39, 42
7, 31, 33, 41, 44
2, 9, 16, 32, 42
9, 36, 37, 38, 45
10, 13, 24, 30, 38
1, 2, 8, 11, 29
1, 16, 19, 20, 28
17, 22, 26, 39, 44
9, 11, 18, 40, 41
11, 15, 18, 27, 32
9, 10, 35, 39, 42
26, 28, 35, 39, 43
15, 32, 36, 39, 41
10, 14, 15, 23, 32
6, 10, 18, 20, 24
7, 12, 20, 36, 43
12, 18, 24, 30, 35
7, 17, 19, 40, 43
4, 8, 18, 30, 34
17, 18, 19, 28, 38
4, 17, 24, 29, 34
1, 6, 10, 16, 28
19, 28, 32, 36, 42
15, 17, 29, 30, 38
3, 25, 27, 28, 30
10, 17, 19, 38, 39
5, 7, 27, 28, 29
13, 19, 24, 32, 42
9, 21, 25, 27, 40
1, 5, 14, 20, 29
3, 6, 14, 19, 36
8, 37, 38, 39, 42
5, 10, 25, 42, 43
6, 18, 26, 36, 43
3, 14, 22, 28, 33
14, 15, 26, 29, 43
10, 17, 20, 21, 38
3, 5, 11, 32, 41
3, 5, 21, 27, 41
15, 23, 27, 31, 35
5, 7, 13, 16, 28
8, 10, 17, 27, 35
2, 12, 15, 17, 33
3, 4, 14, 35, 42
14, 24, 27, 33, 45
16, 20, 21, 22, 31
3, 13, 25, 29, 45
7, 9, 23, 27, 33
3, 19, 23, 36, 42
20, 28, 38, 39, 40
4, 5, 6, 7, 42
6, 15, 22, 30, 40
8, 17, 34, 35, 40
3, 31, 40, 42, 43
5, 6, 10, 20, 22
5, 14, 18, 35, 42
17, 26, 29, 34, 43
6, 9, 26, 31, 32
6, 10, 27, 41, 44
1, 8, 13, 20, 41
3, 14, 17, 20, 28
3, 11, 14, 16, 39
4, 16, 31, 34, 37
17, 19, 34, 37, 41
12, 16, 19, 21, 31
10, 16, 18, 31, 34
1, 20, 38, 44, 45
9, 12, 16, 22, 32
8, 10, 37, 39, 40
4, 14, 27, 30, 38
5, 11, 12, 33, 38
1, 12, 18, 37, 44
11, 12, 14, 15, 42
1, 3, 39, 40, 41
2, 10, 11, 17, 29
4, 9, 12, 23, 34
20, 24, 34, 37, 39
17, 29, 30, 44, 45
2, 5, 7, 30, 35
6, 8, 9, 31, 38
2, 4, 32, 37, 40
4, 6, 21, 24, 42
18, 23, 26, 28, 43
12, 13, 15, 22, 32
5, 8, 33, 43, 44
8, 24, 27, 42, 44
3, 6, 14, 20, 25
5, 7, 24, 29, 37
18, 25, 27, 32, 36
7, 14, 23, 24, 28
16, 28, 32, 42, 44
4, 11, 22, 43, 45
14, 15, 20, 31, 35
20, 35, 39, 44, 45
1, 9, 10, 14, 41
1, 20, 21, 27, 39
9, 15, 31, 34, 38
3, 10, 20, 21, 37
1, 7, 37, 39, 43
4, 21, 28, 29, 37
4, 11, 21, 35, 42
9, 28, 30, 39, 44
6, 19, 27, 35, 38
9, 11, 23, 26, 32
1, 7, 22, 31, 41
19, 26, 34, 35, 40
1, 15, 17, 23, 31
11, 25, 27, 35, 43
7, 15, 17, 22, 45
2, 9, 30, 36, 38
3, 8, 11, 24, 35
7, 8, 13, 17, 40
16, 26, 36, 39, 45
16, 17, 24, 36, 38
4, 9, 14, 31, 32
1, 17, 18, 31, 43
2, 6, 8, 25, 35
3, 17, 18, 32, 44
7, 18, 19, 23, 40
8, 19, 22, 24, 34
2, 3, 30, 31, 35
6, 15, 17, 43, 45
4, 19, 20, 26, 31
4, 9, 15, 16, 19
7, 10, 25, 27, 38
8, 22, 33, 36, 40
20, 23, 30, 35, 39
3, 13, 20, 27, 34
13, 17, 25, 42, 43
9, 16, 20, 32, 45
1, 14, 23, 30, 43
15, 17, 22, 41, 43
5, 17, 20, 27, 34
18, 19, 29, 30, 44
1, 3, 39, 41, 44
5, 10, 25, 33, 42
5, 19, 23, 36, 44
13, 18, 22, 24, 31
11, 26, 29, 30, 37
6, 17, 22, 31, 40
1, 2, 18, 23, 26
1, 10, 17, 29, 36
8, 24, 33, 36, 37
5, 14, 28, 32, 43
2, 10, 14, 26, 28
5, 7, 14, 17, 22
3, 5, 7, 17, 43
10, 17, 18, 32, 41
1, 9, 18, 20, 24
4, 6, 14, 36, 41
2, 12, 16, 36, 41
4, 35, 36, 42, 45
13, 21, 32, 37, 41
9, 19, 30, 32, 44
6, 8, 10, 19, 20
8, 12, 15, 20, 44
3, 4, 23, 28, 30
1, 32, 33, 37, 40
5, 9, 11, 17, 27
13, 14, 22, 31, 35
13, 20, 32, 35, 39
2, 25, 26, 28, 29
1, 7, 33, 34, 45
15, 27, 29, 31, 44
4, 10, 18, 20, 38
7, 8, 26, 32, 40
15, 21, 23, 27, 29
6, 18, 22, 36, 39
3, 23, 26, 27, 30
2, 10, 15, 35, 39
10, 14, 23, 34, 44
9, 14, 16, 24, 37
2, 6, 8, 25, 39
11, 18, 34, 40, 42
2, 6, 12, 14, 18
1, 20, 22, 27, 45
8, 15, 16, 36, 45
12, 14, 18, 34, 41
22, 24, 29, 32, 35
6, 21, 26, 36, 42
9, 11, 16, 26, 40
7, 23, 24, 39, 40
6, 28, 32, 37, 45
2, 5, 10, 12, 16
12, 15, 18, 39, 40
1, 20, 33, 35, 36
5, 18, 32, 41, 45
2, 14, 15, 16, 23
12, 20, 21, 25, 39
1, 12, 19, 24, 31
4, 20, 21, 31, 44
16, 24, 25, 34, 36
13, 14, 17, 20, 25
2, 7, 25, 34, 36
2, 11, 32, 40, 45
2, 3, 35, 38, 39
8, 9, 14, 18, 42
8, 10, 21, 33, 34
9, 19, 27, 42, 43
15, 17, 21, 24, 39
7, 10, 18, 21, 30
19, 28, 38, 42, 45
4, 18, 19, 23, 31
12, 20, 22, 28, 30
6, 13, 15, 26, 27
8, 9, 13, 28, 40
26, 35, 37, 41, 42
6, 14, 24, 38, 41
6, 13, 22, 29, 32
4, 16, 28, 40, 41
5, 6, 9, 21, 30
4, 5, 8, 21, 31
5, 12, 28, 29, 34
9, 11, 26, 28, 45
11, 17, 18, 22, 23
3, 6, 14, 29, 33
3, 4, 28, 32, 43
4, 17, 27, 35, 38
9, 15, 16, 19, 23
10, 13, 40, 42, 44
2, 23, 24, 38, 39
2, 3, 9, 21, 26
15, 16, 36, 41, 44
5, 12, 18, 23, 33
1, 2, 4, 11, 24
2, 7, 30, 34, 43
9, 15, 33, 35, 36
7, 14, 15, 36, 42
4, 22, 29, 42, 44
21, 25, 26, 34, 44
11, 20, 25, 26, 37
14, 15, 21, 26, 30
13, 26, 31, 37, 44
9, 23, 26, 34, 43
3, 6, 16, 28, 42
5, 15, 22, 26, 41
6, 9, 20, 34, 42
5, 11, 21, 42, 43
10, 11, 30, 32, 42
7, 21, 33, 34, 44
2, 23, 33, 34, 45
11, 22, 29, 31, 42
20, 29, 32, 36, 44
3, 24, 28, 40, 44
7, 14, 19, 27, 33
2, 9, 11, 27, 28
10, 12, 20, 24, 30
12, 21, 28, 31, 37
11, 16, 24, 39, 40
4, 9, 14, 24, 27
2, 21, 24, 32, 39
8, 24, 26, 36, 40
11, 14, 17, 20, 26
4, 8, 32, 41, 42
6, 22, 29, 32, 36
5, 13, 23, 28, 33
11, 13, 17, 37, 43
8, 10, 27, 34, 38
18, 23, 30, 41, 44
3, 16, 24, 36, 44
6, 7, 10, 12, 38
17, 22, 24, 37, 40
10, 21, 28, 29, 30
10, 18, 22, 25, 39
6, 11, 13, 25, 33
5, 29, 34, 38, 43
16, 28, 31, 35, 40
6, 14, 31, 36, 39
12, 32, 35, 38, 40
6, 15, 22, 33, 41
2, 4, 7, 22, 25
11, 14, 23, 30, 45
4, 14, 15, 25, 38
3, 19, 24, 34, 42
3, 7, 16, 35, 45
2, 21, 22, 23, 42
7, 9, 24, 31, 42
7, 24, 39, 40, 44
2, 15, 23, 26, 38
16, 21, 25, 26, 32
6, 9, 14, 18, 20
1, 16, 17, 30, 34
14, 31, 36, 40, 43
1, 11, 13, 24, 27
1, 4, 28, 32, 44
4, 13, 17, 32, 37
15, 25, 31, 39, 40
8, 12, 13, 16, 30
8, 12, 17, 21, 30
15, 18, 25, 32, 45
17, 25, 27, 30, 44
21, 27, 32, 37, 42
13, 22, 25, 26, 42
6, 10, 11, 12, 34
12, 13, 26, 27, 32
7, 12, 14, 29, 39
5, 6, 15, 18, 38
14, 16, 17, 29, 38
2, 8, 10, 14, 35
19, 21, 23, 24, 44
7, 16, 18, 20, 38
1, 8, 19, 39, 43
16, 19, 30, 34, 39
10, 13, 28, 40, 41
27, 29, 36, 37, 40
2, 5, 6, 21, 31
10, 11, 25, 41, 43
1, 14, 18, 37, 39
11, 12, 16, 23, 33
3, 15, 17, 19, 45
10, 20, 27, 37, 42
2, 3, 12, 22, 24
15, 24, 26, 34, 36
11, 20, 35, 44, 45
1, 3, 5, 14, 33
4, 7, 8, 24, 32
5, 25, 34, 37, 42
10, 13, 19, 28, 31
3, 6, 16, 39, 40
4, 10, 12, 26, 27
1, 6, 7, 8, 28
2, 5, 24, 32, 42
1, 3, 9, 12, 35
2, 7, 8, 25, 31
4, 9, 12, 22, 24
1, 11, 20, 34, 36
16, 23, 27, 29, 33
8, 11, 16, 20, 43
14, 17, 20, 29, 30
6, 11, 18, 22, 32
6, 10, 36, 39, 43
5, 10, 13, 37, 41
8, 10, 21, 36, 40
21, 24, 37, 38, 40
4, 20, 23, 27, 29
12, 16, 24, 25, 29
14, 28, 30, 38, 43
1, 18, 19, 27, 35
8, 16, 17, 37, 45
4, 22, 27, 28, 32
15, 28, 29, 34, 45
4, 6, 34, 39, 43
3, 12, 17, 18, 19
19, 26, 31, 35, 44
12, 20, 26, 32, 44
2, 9, 17, 24, 33
6, 25, 32, 36, 44
6, 24, 25, 35, 40
9, 24, 26, 30, 38
1, 13, 16, 28, 40
18, 25, 26, 42, 44
15, 20, 23, 30, 36
16, 26, 28, 34, 44
1, 2, 7, 9, 11
19, 23, 37, 38, 42
9, 22, 30, 33, 43
11, 16, 24, 30, 41
2, 5, 9, 32, 36
11, 13, 20, 36, 41
2, 7, 8, 19, 41
18, 24, 30, 31, 42
3, 17, 22, 23, 37
1, 12, 16, 27, 40
1, 10, 23, 34, 39
2, 15, 25, 29, 33
1, 34, 37, 39, 44
3, 25, 27, 35, 40
8, 21, 35, 36, 40
17, 24, 31, 33, 37
7, 11, 15, 24, 39
12, 24, 31, 38, 42
3, 20, 22, 27, 40
14, 21, 22, 33, 37
6, 9, 16, 24, 29
4, 18, 24, 36, 44
1, 2, 7, 30, 40
3, 15, 25, 32, 34
4, 9, 30, 38, 44
14, 19, 28, 33, 37
11, 23, 25, 28, 34
5, 15, 21, 32, 44
13, 18, 26, 37, 41
3, 29, 30, 36, 38
4, 10, 31, 34, 38
1, 6, 8, 14, 32
3, 5, 13, 40, 44
8, 15, 26, 35, 36
3, 18, 32, 39, 42
11, 12, 19, 28, 35
5, 29, 37, 39, 45
2, 7, 11, 31, 37
2, 18, 25, 31, 32
2, 6, 16, 19, 43
9, 13, 17, 23, 43
9, 21, 30, 33, 41
12, 14, 21, 35, 42
10, 20, 26, 38, 41
6, 25, 32, 34, 39
11, 21, 24, 40, 43
1, 10, 12, 13, 35
2, 8, 26, 38, 41
1, 7, 20, 26, 28
1, 5, 18, 40, 42
7, 8, 22, 24, 32
7, 11, 32, 37, 43
6, 9, 17, 18, 38
6, 15, 16, 21, 36
5, 27, 33, 36, 37
10, 19, 22, 31, 32
12, 27, 31, 32, 35
5, 6, 32, 36, 42
25, 29, 33, 40, 42
11, 13, 26, 30, 40
7, 26, 30, 40, 41
5, 6, 7, 17, 33
13, 19, 23, 36, 37
2, 9, 14, 19, 42
1, 7, 32, 36, 40
10, 11, 25, 33, 37
9, 10, 16, 31, 32
11, 21, 31, 37, 40
7, 10, 25, 33, 40
6, 9, 10, 15, 28
3, 6, 11, 24, 28
24, 33, 35, 36, 43
11, 16, 26, 32, 33
11, 25, 31, 32, 35
1, 9, 23, 29, 34
7, 8, 24, 37, 42
7, 15, 30, 38, 43
3, 6, 18, 26, 44
1, 22, 27, 31, 32
3, 7, 11, 22, 37
3, 16, 18, 33, 45
12, 13, 18, 25, 31
2, 4, 6, 9, 43
2, 15, 30, 36, 42
3, 18, 29, 38, 41
6, 7, 38, 41, 43
4, 11, 24, 40, 43
18, 20, 27, 33, 44
9, 21, 25, 29, 37
18, 24, 26, 33, 37
7, 15, 16, 18, 19
3, 6, 19, 34, 39
3, 8, 17, 23, 33
19, 24, 27, 30, 39
9, 24, 26, 34, 40
6, 20, 21, 40, 45
1, 12, 28, 34, 39
3, 11, 12, 24, 44
1, 10, 22, 26, 35
10, 22, 26, 29, 34
7, 17, 20, 33, 43
14, 15, 19, 27, 40
2, 14, 40, 41, 43
12, 19, 26, 41, 45
8, 13, 21, 24, 36
13, 20, 23, 34, 43
11, 15, 27, 29, 36
3, 14, 25, 29, 40
6, 23, 27, 29, 39
10, 24, 25, 31, 37
15, 17, 35, 39, 41
7, 12, 16, 27, 33
13, 26, 27, 30, 39
1, 5, 8, 20, 39
9, 18, 32, 36, 45
6, 13, 22, 31, 43
11, 18, 19, 22, 27
2, 4, 9, 15, 31
7, 12, 15, 24, 44
20, 21, 30, 33, 43
2, 4, 8, 22, 29
16, 19, 26, 32, 38
6, 11, 28, 39, 41
4, 18, 25, 35, 37
5, 6, 10, 34, 39
1, 7, 16, 42, 45
8, 11, 16, 31, 36
2, 7, 14, 29, 35
2, 4, 11, 15, 35
9, 19, 25, 40, 45
3, 16, 23, 26, 29
8, 20, 21, 22, 41
5, 8, 16, 29, 34
4, 16, 19, 28, 41
1, 22, 36, 37, 40
8, 11, 31, 43, 44
3, 12, 35, 41, 42
5, 9, 27, 39, 44
2, 4, 13, 22, 27
6, 8, 35, 36, 42
4, 6, 15, 16, 17
14, 27, 32, 34, 37
9, 20, 35, 44, 45
3, 13, 28, 32, 42
1, 2, 13, 30, 42
8, 9, 18, 19, 27
1, 13, 20, 21, 26
1, 7, 34, 35, 42
17, 25, 30, 42, 44
2, 18, 20, 26, 44
9, 10, 19, 28, 44
2, 20, 28, 29, 31
23, 27, 32, 34, 43
3, 22, 32, 40, 42
11, 14, 17, 44, 45
25, 26, 33, 39, 40
1, 9, 17, 24, 42
23, 28, 32, 34, 40
21, 27, 37, 39, 40
11, 20, 23, 27, 31
3, 16, 31, 34, 42
16, 21, 31, 36, 41
8, 10, 13, 39, 42
3, 28, 29, 35, 36
19, 26, 30, 31, 37
9, 10, 26, 33, 43
16, 28, 30, 42, 44
1, 17, 40, 42, 43
4, 13, 15, 20, 35
3, 10, 12, 25, 28
11, 21, 26, 28, 30
15, 20, 21, 28, 33
5, 6, 7, 30, 35
14, 26, 31, 34, 41
5, 24, 30, 34, 44
5, 26, 29, 33, 42
3, 22, 25, 28, 40
2, 6, 12, 19, 38
15, 25, 32, 35, 41
6, 8, 14, 18, 27
1, 5, 8, 21, 28
6, 7, 22, 28, 32
5, 9, 10, 25, 38
12, 30, 35, 36, 37
9, 32, 36, 37, 38
6, 11, 25, 33, 39
13, 18, 19, 23, 41
5, 9, 18, 22, 37
17, 29, 30, 34, 41
14, 20, 27, 32, 43
1, 16, 17, 19, 34
11, 13, 19, 23, 29
5, 6, 13, 25, 33
10, 22, 35, 37, 45
10, 13, 19, 22, 39
1, 3, 12, 17, 18
2, 15, 21, 34, 45
3, 5, 12, 23, 27
8, 16, 25, 40, 42
3, 5, 6, 15, 28
5, 9, 12, 27, 44
5, 13, 35, 39, 41
21, 23, 27, 41, 44
6, 7, 23, 31, 38
2, 15, 16, 27, 39
8, 18, 23, 35, 39
3, 23, 29, 35, 41
4, 12, 14, 19, 32
10, 12, 30, 31, 42
11, 15, 22, 26, 44
13, 19, 25, 28, 44
15, 24, 26, 27, 35
20, 23, 28, 32, 43
6, 20, 31, 36, 45
1, 3, 18, 20, 40
8, 9, 21, 29, 39
10, 18, 23, 35, 44
8, 23, 33, 36, 45
3, 24, 25, 36, 37
5, 20, 31, 40, 45
4, 20, 21, 33, 45
2, 5, 7, 29, 38
17, 21, 29, 39, 44
6, 8, 15, 20, 27
9, 10, 20, 23, 33
11, 14, 23, 28, 31
2, 16, 17, 37, 40
8, 26, 30, 37, 40
1, 3, 10, 17, 43
1, 2, 3, 7, 44
7, 11, 18, 23, 26
9, 11, 16, 27, 30
11, 16, 19, 33, 38
23, 34, 36, 38, 44
1, 3, 11, 27, 43
6, 9, 24, 38, 41
14, 17, 28, 31, 45
3, 16, 29, 32, 44
8, 13, 39, 41, 44
6, 16, 22, 34, 41
2, 3, 16, 31, 40
18, 23, 25, 32, 45
3, 13, 21, 29, 30
4, 13, 21, 38, 42
10, 11, 13, 24, 37
8, 16, 27, 36, 45
14, 19, 26, 37, 43
9, 19, 22, 33, 40
9, 15, 17, 28, 30
6, 24, 26, 29, 37
8, 12, 15, 27, 45
4, 13, 19, 31, 39
13, 14, 16, 23, 28
11, 23, 40, 42, 43
5, 18, 26, 27, 30
2, 5, 15, 16, 34
18, 25, 28, 35, 41
6, 29, 31, 32, 45
15, 19, 26, 34, 40
7, 23, 25, 32, 34
12, 27, 28, 41, 42
12, 18, 30, 36, 40
1, 6, 10, 19, 28
8, 11, 17, 39, 44
24, 29, 31, 41, 45
13, 18, 28, 42, 44
13, 17, 23, 24, 38
4, 5, 10, 23, 26
3, 6, 14, 34, 42
13, 20, 30, 38, 45
13, 16, 23, 28, 31
5, 20, 23, 40, 43
3, 8, 11, 38, 39
2, 5, 8, 20, 36
9, 11, 17, 24, 27
3, 14, 32, 34, 44
8, 15, 28, 31, 37
9, 19, 20, 28, 40
9, 11, 15, 20, 29
6, 20, 22, 27, 42
10, 21, 28, 35, 42
3, 38, 40, 42, 45
4, 10, 12, 26, 44
14, 16, 26, 34, 37
3, 13, 34, 36, 39
17, 23, 28, 36, 39
3, 11, 20, 21, 22
4, 6, 8, 20, 34
1, 2, 28, 31, 37
5, 16, 19, 37, 45
14, 18, 27, 40, 43
7, 11, 31, 39, 42
2, 16, 31, 33, 39
4, 10, 11, 25, 43
1, 12, 15, 27, 35
11, 12, 15, 28, 33
3, 15, 17, 23, 30
6, 20, 21, 25, 38
1, 4, 9, 11, 26
3, 19, 30, 35, 43
7, 10, 20, 39, 41
9, 31, 34, 40, 44
14, 27, 32, 35, 40
12, 14, 31, 40, 43
20, 25, 39, 40, 43
2, 5, 13, 15, 42
17, 20, 24, 25, 45
6, 8, 10, 35, 37
7, 18, 25, 31, 35
1, 9, 24, 25, 31
20, 31, 33, 37, 45
6, 14, 15, 17, 22
15, 16, 19, 26, 27
15, 17, 31, 33, 41